date,id_produit,entrepot,niveau_stock
2024-06-01,P00001,Lyon,88
2024-04-22,P00001,Paris,141
2024-09-25,P00002,Lyon,286
2024-02-18,P00003,Paris,177
2024-07-13,P00003,Lyon,95
2024-08-06,P00004,Paris,57
2024-06-30,P00004,Lyon,24
2024-10-05,P00005,Paris,65
2024-09-03,P00006,Paris,215
2024-09-14,P00006,Lyon,182
2024-10-02,P00007,Paris,200
2024-12-15,P00007,Lyon,165
2024-09-15,P00008,Paris,296
2024-09-13,P00009,Paris,88
2024-07-06,P00009,Marseille,227
2024-11-29,P00010,Paris,108
2024-03-07,P00011,Paris,85
2024-04-04,P00012,Paris,31
2024-11-01,P00012,Lyon,98
2024-05-06,P00013,Lyon,219
2024-03-15,P00014,Paris,100
2024-02-14,P00014,Lyon,262
2024-04-25,P00015,Paris,261
2024-03-22,P00015,Lyon,165
2024-11-21,P00016,Lyon,239
2024-02-06,P00016,Marseille,278
2024-12-03,P00017,Lyon,22
2024-06-28,P00018,Paris,93
2024-02-16,P00018,Lyon,274
2024-12-19,P00019,Lyon,74
2024-03-19,P00020,Marseille,297
2024-01-03,P00021,Marseille,176
2024-07-19,P00021,Lyon,264
2024-01-20,P00022,Paris,142
2024-06-02,P00023,Lyon,298
2024-03-13,P00023,Marseille,256
2024-04-28,P00024,Paris,113
2024-09-23,P00024,Lyon,266
2024-06-11,P00025,Paris,78
2024-03-20,P00026,Lyon,74
2024-04-27,P00026,Paris,194
2024-02-26,P00027,Lyon,256
2024-09-27,P00027,Paris,236
2024-03-27,P00028,Marseille,142
2024-02-11,P00029,Marseille,284
2024-09-15,P00029,Paris,268
2024-04-03,P00030,Paris,232
2024-06-26,P00030,Marseille,149
2024-07-22,P00031,Lyon,30
2024-07-24,P00032,Lyon,57
2024-12-06,P00032,Paris,296
2024-11-04,P00033,Paris,126
2024-06-03,P00034,Paris,161
2024-06-17,P00034,Lyon,88
2024-06-20,P00035,Lyon,187
2024-04-12,P00035,Paris,205
2024-11-02,P00036,Paris,167
2024-01-04,P00036,Lyon,216
2024-07-10,P00037,Paris,222
2024-12-06,P00037,Marseille,75
2024-02-17,P00038,Paris,131
2024-04-11,P00039,Paris,298
2024-05-27,P00039,Lyon,11
2024-03-20,P00040,Paris,161
2024-08-29,P00040,Lyon,216
2024-02-11,P00041,Paris,239
2024-07-25,P00042,Paris,263
2024-01-25,P00042,Lyon,62
2024-06-22,P00043,Lyon,2
2024-11-11,P00043,Marseille,274
2024-05-19,P00044,Lyon,230
2024-02-20,P00044,Paris,182
2024-06-14,P00045,Paris,117
2024-11-16,P00046,Paris,11
2024-06-17,P00047,Lyon,41
2024-06-13,P00047,Paris,289
2024-05-29,P00048,Paris,233
2024-06-02,P00048,Lyon,90
2024-09-23,P00049,Paris,128
2024-07-26,P00050,Lyon,26
2024-08-22,P00051,Marseille,4
2024-03-19,P00051,Paris,91
2024-06-10,P00052,Lyon,177
2024-07-19,P00052,Paris,104
2024-10-12,P00053,Paris,216
2024-05-25,P00054,Lyon,76
2024-07-13,P00054,Paris,213
2024-03-28,P00055,Lyon,94
2024-12-30,P00056,Lyon,267
2024-09-01,P00056,Paris,101
2024-08-16,P00057,Lyon,140
2024-07-25,P00057,Paris,42
2024-05-16,P00058,Marseille,151
2024-12-26,P00058,Lyon,172
2024-07-04,P00059,Paris,35
2024-05-06,P00059,Marseille,298
2024-02-08,P00060,Lyon,2
2024-09-08,P00061,Paris,281
2024-07-06,P00061,Lyon,242
2024-12-04,P00061,Marseille,219
2024-03-30,P00062,Lyon,286
2024-04-11,P00062,Paris,251
2024-06-11,P00063,Lyon,96
2024-01-01,P00063,Paris,157
2024-03-28,P00064,Paris,201
2024-04-15,P00064,Marseille,243
2024-11-14,P00064,Lyon,218
2024-06-23,P00065,Marseille,120
2024-08-01,P00065,Paris,220
2024-10-02,P00066,Paris,76
2024-07-06,P00067,Paris,142
2024-05-04,P00067,Marseille,276
2024-10-15,P00068,Paris,272
2024-02-29,P00068,Marseille,55
2024-03-05,P00069,Lyon,161
2024-03-21,P00069,Paris,158
2024-12-11,P00070,Paris,198
2024-03-11,P00070,Lyon,259
2024-09-24,P00071,Lyon,81
2024-01-19,P00071,Paris,130
2024-12-06,P00072,Paris,199
2024-01-21,P00072,Marseille,229
2024-12-09,P00073,Paris,161
2024-06-09,P00074,Paris,72
2024-12-11,P00075,Lyon,4
2024-11-24,P00075,Paris,18
2024-11-03,P00076,Lyon,165
2024-06-17,P00076,Paris,61
2024-10-30,P00077,Paris,121
2024-12-05,P00078,Marseille,284
2024-10-23,P00078,Lyon,265
2024-04-01,P00079,Paris,12
2024-04-27,P00080,Paris,298
2024-09-14,P00081,Marseille,65
2024-12-19,P00081,Lyon,221
2024-03-23,P00082,Paris,276
2024-05-21,P00082,Lyon,181
2024-07-02,P00083,Lyon,155
2024-10-03,P00084,Lyon,231
2024-07-16,P00084,Marseille,79
2024-06-30,P00085,Paris,112
2024-09-12,P00085,Lyon,15
2024-12-27,P00086,Paris,80
2024-12-15,P00087,Paris,286
2024-10-09,P00088,Lyon,258
2024-06-28,P00088,Paris,83
2024-01-03,P00089,Lyon,163
2024-08-10,P00089,Paris,51
2024-04-17,P00090,Lyon,283
2024-06-27,P00090,Marseille,124
2024-09-02,P00091,Lyon,141
2024-08-25,P00091,Paris,241
2024-04-30,P00092,Paris,156
2024-08-29,P00092,Lyon,207
2024-06-12,P00093,Lyon,80
2024-02-28,P00093,Paris,199
2024-05-16,P00094,Paris,23
2024-08-20,P00095,Lyon,261
2024-02-29,P00095,Paris,63
2024-02-28,P00096,Lyon,68
2024-05-03,P00096,Paris,61
2024-08-30,P00097,Marseille,48
2024-05-18,P00098,Paris,11
2024-09-26,P00099,Paris,229
2024-02-18,P00099,Lyon,74
2024-10-16,P00100,Marseille,15
2024-08-14,P00101,Paris,83
2024-07-17,P00101,Lyon,76
2024-01-04,P00102,Marseille,84
2024-03-22,P00102,Paris,176
2024-05-28,P00103,Paris,189
2024-06-08,P00103,Lyon,17
2024-04-25,P00104,Paris,212
2024-12-07,P00105,Lyon,133
2024-10-18,P00105,Paris,42
2024-07-02,P00106,Marseille,92
2024-04-29,P00106,Paris,116
2024-02-27,P00107,Paris,257
2024-07-21,P00107,Lyon,47
2024-03-19,P00108,Lyon,136
2024-03-21,P00108,Marseille,92
2024-11-01,P00109,Paris,13
2024-08-08,P00109,Marseille,272
2024-03-24,P00110,Paris,192
2024-09-10,P00110,Marseille,267
2024-03-04,P00111,Paris,250
2024-12-28,P00111,Lyon,16
2024-10-07,P00112,Marseille,47
2024-06-16,P00112,Paris,179
2024-12-01,P00113,Marseille,92
2024-05-23,P00113,Paris,130
2024-03-04,P00114,Marseille,276
2024-10-13,P00114,Paris,51
2024-04-27,P00115,Paris,296
2024-02-20,P00115,Lyon,129
2024-02-22,P00116,Lyon,87
2024-07-31,P00117,Lyon,27
2024-06-14,P00118,Lyon,264
2024-01-16,P00118,Paris,121
2024-10-10,P00119,Paris,265
2024-09-07,P00120,Lyon,287
2024-10-15,P00120,Marseille,5
2024-04-29,P00121,Paris,78
2024-02-05,P00121,Marseille,107
2024-06-01,P00122,Marseille,232
2024-09-30,P00122,Lyon,275
2024-07-17,P00123,Paris,126
2024-12-31,P00123,Lyon,49
2024-08-31,P00124,Paris,96
2024-09-13,P00124,Lyon,106
2024-06-25,P00125,Paris,155
2024-01-30,P00125,Marseille,32
2024-04-25,P00126,Paris,179
2024-05-12,P00126,Lyon,61
2024-03-28,P00127,Paris,297
2024-04-27,P00127,Lyon,279
2024-08-02,P00128,Marseille,267
2024-10-15,P00128,Lyon,285
2024-09-21,P00129,Marseille,114
2024-08-28,P00129,Paris,211
2024-03-19,P00129,Lyon,212
2024-03-16,P00130,Marseille,95
2024-11-03,P00130,Lyon,214
2024-11-25,P00131,Lyon,92
2024-08-27,P00131,Marseille,38
2024-10-07,P00132,Paris,201
2024-12-22,P00133,Paris,273
2024-08-22,P00133,Lyon,264
2024-08-27,P00134,Paris,59
2024-06-22,P00134,Lyon,67
2024-07-24,P00135,Marseille,144
2024-10-30,P00136,Marseille,129
2024-03-16,P00136,Paris,251
2024-12-24,P00137,Paris,150
2024-05-30,P00138,Paris,187
2024-05-18,P00138,Lyon,34
2024-01-18,P00139,Paris,109
2024-06-04,P00140,Paris,228
2024-10-06,P00140,Lyon,103
2024-08-26,P00141,Paris,140
2024-04-06,P00141,Lyon,27
2024-08-03,P00142,Lyon,105
2024-10-13,P00143,Paris,218
2024-09-23,P00143,Lyon,211
2024-01-02,P00144,Lyon,5
2024-04-18,P00145,Paris,98
2024-10-11,P00146,Paris,107
2024-10-23,P00147,Marseille,96
2024-01-16,P00147,Paris,282
2024-07-13,P00148,Lyon,1
2024-05-02,P00148,Paris,197
2024-06-06,P00149,Marseille,225
2024-06-18,P00149,Lyon,255
2024-12-28,P00150,Paris,279
2024-10-08,P00150,Marseille,278
2024-01-30,P00151,Marseille,134
2024-06-26,P00151,Paris,207
2024-03-19,P00152,Paris,190
2024-11-10,P00153,Paris,241
2024-07-23,P00153,Marseille,167
2024-03-08,P00154,Paris,146
2024-01-09,P00154,Lyon,209
2024-11-04,P00154,Marseille,129
2024-04-01,P00155,Paris,218
2024-05-17,P00155,Lyon,117
2024-08-28,P00156,Lyon,143
2024-05-06,P00156,Paris,108
2024-11-07,P00157,Paris,57
2024-04-22,P00157,Lyon,180
2024-12-24,P00158,Paris,139
2024-11-26,P00159,Paris,164
2024-02-07,P00159,Lyon,213
2024-03-02,P00160,Paris,121
2024-03-23,P00161,Lyon,162
2024-07-25,P00161,Marseille,82
2024-11-19,P00161,Paris,5
2024-01-22,P00162,Paris,26
2024-02-05,P00162,Lyon,82
2024-08-22,P00163,Paris,161
2024-12-19,P00163,Lyon,5
2024-11-08,P00164,Lyon,236
2024-05-06,P00164,Paris,248
2024-01-19,P00165,Paris,113
2024-10-08,P00165,Lyon,243
2024-12-04,P00166,Paris,149
2024-10-30,P00167,Paris,182
2024-12-10,P00168,Paris,61
2024-12-02,P00168,Marseille,216
2024-08-08,P00169,Paris,85
2024-02-25,P00169,Marseille,262
2024-04-03,P00170,Paris,141
2024-02-11,P00170,Lyon,89
2024-05-26,P00171,Lyon,36
2024-10-16,P00171,Paris,69
2024-02-24,P00172,Lyon,16
2024-03-18,P00172,Paris,247
2024-11-24,P00173,Marseille,254
2024-12-04,P00174,Marseille,13
2024-04-10,P00174,Paris,179
2024-09-18,P00175,Paris,228
2024-04-12,P00175,Marseille,195
2024-02-18,P00176,Paris,95
2024-05-25,P00176,Lyon,180
2024-02-17,P00177,Paris,134
2024-01-07,P00177,Marseille,218
2024-03-13,P00178,Marseille,74
2024-10-08,P00178,Lyon,240
2024-07-09,P00179,Paris,138
2024-07-31,P00180,Lyon,45
2024-08-07,P00180,Paris,67
2024-02-04,P00181,Paris,186
2024-06-08,P00181,Marseille,193
2024-07-21,P00182,Lyon,272
2024-01-25,P00182,Paris,63
2024-08-09,P00183,Paris,169
2024-10-29,P00184,Paris,46
2024-10-08,P00184,Lyon,250
2024-05-10,P00185,Lyon,228
2024-08-02,P00186,Paris,28
2024-05-22,P00186,Marseille,242
2024-02-21,P00187,Lyon,203
2024-12-21,P00188,Paris,157
2024-01-19,P00189,Marseille,53
2024-03-21,P00190,Paris,138
2024-06-10,P00190,Lyon,117
2024-11-28,P00191,Marseille,266
2024-11-28,P00191,Lyon,212
2024-12-22,P00192,Lyon,274
2024-11-03,P00192,Marseille,283
2024-12-18,P00193,Paris,92
2024-07-08,P00193,Lyon,115
2024-02-09,P00194,Paris,89
2024-12-10,P00194,Lyon,16
2024-12-29,P00195,Marseille,52
2024-10-19,P00195,Lyon,76
2024-03-23,P00196,Lyon,29
2024-08-19,P00196,Paris,119
2024-07-25,P00197,Lyon,171
2024-04-21,P00197,Paris,164
2024-09-21,P00198,Paris,249
2024-03-08,P00198,Lyon,13
2024-08-12,P00199,Paris,216
2024-03-18,P00200,Paris,242
2024-11-08,P00201,Lyon,125
2024-09-21,P00202,Lyon,239
2024-07-04,P00203,Lyon,88
2024-10-24,P00204,Marseille,165
2024-04-15,P00205,Paris,168
2024-08-21,P00206,Paris,145
2024-04-05,P00206,Lyon,205
2024-09-11,P00207,Marseille,46
2024-05-27,P00208,Paris,131
2024-06-12,P00208,Marseille,243
2024-08-15,P00209,Paris,160
2024-01-24,P00210,Marseille,51
2024-10-08,P00210,Paris,21
2024-04-12,P00211,Marseille,117
2024-01-07,P00212,Lyon,161
2024-04-12,P00212,Paris,104
2024-11-08,P00213,Lyon,277
2024-10-21,P00214,Paris,192
2024-09-01,P00214,Lyon,238
2024-04-28,P00215,Paris,237
2024-10-25,P00215,Marseille,258
2024-07-21,P00216,Paris,156
2024-03-11,P00216,Marseille,9
2024-06-20,P00217,Paris,78
2024-01-05,P00217,Lyon,80
2024-04-09,P00218,Lyon,49
2024-10-06,P00218,Marseille,155
2024-08-21,P00219,Lyon,117
2024-07-31,P00219,Paris,82
2024-03-18,P00220,Paris,138
2024-01-05,P00221,Paris,295
2024-12-13,P00222,Paris,140
2024-09-29,P00222,Marseille,50
2024-08-10,P00222,Lyon,11
2024-08-11,P00223,Lyon,144
2024-06-27,P00224,Lyon,114
2024-03-30,P00225,Marseille,276
2024-07-14,P00225,Lyon,214
2024-10-01,P00225,Paris,166
2024-04-13,P00226,Paris,144
2024-06-10,P00227,Paris,145
2024-03-13,P00227,Marseille,193
2024-07-13,P00228,Lyon,213
2024-01-14,P00228,Marseille,213
2024-12-17,P00229,Paris,296
2024-05-30,P00229,Lyon,174
2024-08-31,P00230,Lyon,289
2024-06-14,P00231,Lyon,64
2024-09-26,P00231,Paris,281
2024-06-03,P00232,Marseille,250
2024-06-17,P00232,Paris,62
2024-06-04,P00233,Paris,132
2024-07-24,P00234,Lyon,163
2024-10-23,P00235,Lyon,243
2024-05-06,P00235,Paris,60
2024-07-29,P00236,Paris,176
2024-02-25,P00237,Paris,281
2024-12-02,P00237,Lyon,144
2024-12-25,P00238,Paris,176
2024-06-13,P00238,Lyon,161
2024-04-18,P00239,Lyon,236
2024-05-23,P00239,Paris,35
2024-07-11,P00240,Paris,39
2024-11-17,P00240,Marseille,2
2024-03-28,P00241,Paris,46
2024-05-17,P00241,Lyon,219
2024-08-05,P00242,Lyon,264
2024-04-25,P00242,Paris,174
2024-09-19,P00243,Paris,226
2024-10-30,P00243,Marseille,109
2024-02-12,P00244,Lyon,99
2024-07-28,P00244,Paris,64
2024-06-10,P00245,Paris,44
2024-06-08,P00245,Marseille,14
2024-02-09,P00246,Marseille,277
2024-05-25,P00246,Paris,168
2024-06-29,P00246,Lyon,258
2024-05-19,P00247,Paris,243
2024-05-11,P00247,Marseille,161
2024-11-12,P00248,Lyon,131
2024-11-14,P00249,Lyon,142
2024-06-28,P00250,Paris,69
2024-07-06,P00251,Lyon,90
2024-07-25,P00251,Marseille,17
2024-01-14,P00252,Paris,126
2024-05-20,P00252,Lyon,66
2024-12-09,P00253,Lyon,211
2024-05-18,P00253,Paris,81
2024-07-21,P00254,Paris,293
2024-09-26,P00254,Lyon,10
2024-11-23,P00255,Paris,132
2024-12-05,P00255,Marseille,118
2024-07-04,P00256,Paris,178
2024-01-24,P00256,Lyon,206
2024-01-02,P00257,Paris,83
2024-05-05,P00258,Paris,247
2024-04-16,P00258,Lyon,125
2024-12-26,P00259,Lyon,51
2024-05-22,P00259,Paris,29
2024-12-14,P00260,Marseille,154
2024-04-02,P00260,Lyon,10
2024-10-11,P00260,Paris,67
2024-12-20,P00261,Marseille,50
2024-10-24,P00261,Lyon,287
2024-02-03,P00262,Paris,12
2024-08-27,P00262,Lyon,46
2024-05-09,P00263,Lyon,268
2024-05-02,P00263,Paris,279
2024-04-12,P00264,Lyon,41
2024-09-11,P00264,Paris,209
2024-09-13,P00265,Marseille,244
2024-05-03,P00265,Lyon,70
2024-03-15,P00266,Paris,118
2024-01-31,P00266,Marseille,152
2024-03-12,P00267,Paris,152
2024-06-03,P00267,Lyon,49
2024-06-02,P00268,Paris,86
2024-11-25,P00269,Paris,76
2024-05-28,P00270,Lyon,152
2024-10-11,P00270,Marseille,276
2024-12-18,P00271,Marseille,52
2024-11-04,P00272,Paris,63
2024-07-26,P00272,Marseille,225
2024-02-24,P00273,Marseille,72
2024-11-01,P00273,Paris,122
2024-10-10,P00274,Paris,172
2024-11-18,P00274,Marseille,160
2024-01-03,P00274,Lyon,35
2024-04-29,P00275,Lyon,245
2024-01-19,P00275,Paris,230
2024-06-06,P00276,Lyon,239
2024-09-02,P00277,Marseille,10
2024-07-02,P00277,Paris,246
2024-12-27,P00278,Lyon,140
2024-12-18,P00278,Paris,207
2024-08-31,P00279,Paris,48
2024-04-14,P00280,Paris,62
2024-07-03,P00281,Paris,280
2024-07-05,P00281,Lyon,189
2024-12-31,P00281,Marseille,165
2024-09-17,P00282,Lyon,160
2024-05-07,P00283,Paris,49
2024-04-19,P00283,Marseille,25
2024-06-22,P00283,Lyon,169
2024-05-15,P00284,Lyon,227
2024-01-16,P00285,Lyon,230
2024-04-27,P00285,Paris,167
2024-10-26,P00286,Paris,107
2024-10-07,P00287,Marseille,277
2024-04-24,P00288,Paris,246
2024-09-04,P00288,Lyon,9
2024-09-02,P00289,Paris,25
2024-06-07,P00290,Marseille,82
2024-06-27,P00290,Paris,44
2024-10-31,P00290,Lyon,6
2024-06-15,P00291,Paris,70
2024-11-09,P00292,Lyon,24
2024-03-11,P00292,Paris,281
2024-07-02,P00293,Lyon,273
2024-03-02,P00293,Marseille,112
2024-02-24,P00294,Paris,297
2024-05-21,P00294,Lyon,26
2024-03-31,P00295,Lyon,85
2024-09-06,P00295,Paris,278
2024-02-13,P00295,Marseille,78
2024-05-23,P00296,Lyon,91
2024-12-01,P00297,Paris,140
2024-01-19,P00297,Lyon,114
2024-06-25,P00298,Marseille,262
2024-07-24,P00298,Lyon,262
2024-09-18,P00299,Marseille,74
2024-01-30,P00300,Paris,246
2024-08-09,P00301,Paris,71
2024-07-30,P00301,Marseille,270
2024-07-31,P00302,Marseille,53
2024-01-14,P00303,Marseille,283
2024-07-22,P00303,Paris,39
2024-07-01,P00304,Paris,146
2024-09-19,P00304,Lyon,88
2024-07-09,P00305,Marseille,184
2024-06-21,P00305,Paris,63
2024-10-24,P00306,Paris,85
2024-09-09,P00307,Lyon,156
2024-08-06,P00307,Paris,205
2024-09-30,P00308,Lyon,150
2024-09-08,P00309,Lyon,2
2024-09-30,P00309,Paris,194
2024-10-13,P00310,Paris,99
2024-09-26,P00310,Lyon,218
2024-05-12,P00311,Lyon,244
2024-01-19,P00312,Lyon,192
2024-04-30,P00313,Marseille,193
2024-03-24,P00314,Lyon,190
2024-03-15,P00314,Paris,49
2024-12-04,P00315,Paris,99
2024-04-05,P00315,Lyon,138
2024-06-16,P00316,Lyon,232
2024-06-26,P00317,Lyon,229
2024-12-04,P00317,Paris,53
2024-06-11,P00318,Paris,44
2024-12-18,P00318,Lyon,0
2024-03-22,P00319,Paris,198
2024-04-11,P00319,Lyon,131
2024-07-19,P00320,Lyon,71
2024-04-22,P00321,Paris,208
2024-02-20,P00321,Lyon,281
2024-11-07,P00322,Paris,47
2024-12-10,P00322,Lyon,7
2024-01-27,P00323,Paris,17
2024-12-12,P00324,Paris,284
2024-05-24,P00325,Lyon,83
2024-06-21,P00325,Paris,225
2024-02-19,P00326,Lyon,151
2024-04-22,P00327,Paris,21
2024-08-18,P00328,Lyon,251
2024-02-04,P00328,Paris,37
2024-06-16,P00329,Marseille,237
2024-06-15,P00329,Paris,109
2024-12-17,P00330,Marseille,218
2024-02-21,P00330,Paris,248
2024-03-13,P00331,Paris,111
2024-09-04,P00332,Paris,162
2024-10-23,P00333,Paris,81
2024-03-11,P00334,Marseille,33
2024-10-17,P00334,Paris,166
2024-02-21,P00335,Lyon,213
2024-09-22,P00335,Paris,48
2024-11-27,P00336,Lyon,34
2024-08-15,P00336,Paris,73
2024-12-17,P00337,Marseille,187
2024-06-02,P00337,Paris,278
2024-06-17,P00338,Paris,1
2024-02-01,P00338,Lyon,213
2024-01-20,P00339,Lyon,35
2024-06-09,P00339,Paris,260
2024-08-10,P00340,Lyon,43
2024-11-10,P00340,Paris,94
2024-02-04,P00341,Marseille,16
2024-03-28,P00341,Lyon,238
2024-11-01,P00342,Lyon,86
2024-05-08,P00343,Paris,47
2024-10-16,P00343,Marseille,283
2024-12-22,P00344,Lyon,2
2024-07-20,P00344,Marseille,61
2024-05-07,P00345,Lyon,56
2024-02-18,P00345,Paris,7
2024-07-30,P00346,Paris,76
2024-09-12,P00346,Lyon,270
2024-08-24,P00347,Lyon,104
2024-06-26,P00347,Marseille,87
2024-02-22,P00347,Paris,243
2024-12-23,P00348,Lyon,96
2024-11-16,P00349,Paris,54
2024-05-26,P00350,Lyon,258
2024-06-11,P00350,Paris,250
2024-02-23,P00351,Paris,162
2024-10-23,P00352,Lyon,65
2024-08-07,P00352,Marseille,178
2024-04-17,P00353,Paris,199
2024-08-06,P00353,Lyon,191
2024-02-27,P00354,Marseille,66
2024-10-26,P00354,Paris,168
2024-09-21,P00355,Paris,2
2024-03-01,P00355,Lyon,281
2024-06-07,P00355,Marseille,254
2024-12-03,P00356,Paris,259
2024-07-31,P00357,Paris,85
2024-02-08,P00357,Lyon,12
2024-05-01,P00358,Marseille,277
2024-11-29,P00359,Paris,238
2024-06-12,P00360,Paris,297
2024-02-26,P00361,Paris,226
2024-04-07,P00361,Lyon,215
2024-03-27,P00362,Marseille,146
2024-07-15,P00363,Paris,58
2024-12-16,P00364,Paris,208
2024-11-06,P00365,Marseille,27
2024-02-17,P00365,Paris,67
2024-11-19,P00366,Marseille,210
2024-01-31,P00366,Lyon,263
2024-11-30,P00367,Marseille,295
2024-10-18,P00367,Paris,250
2024-07-05,P00367,Lyon,78
2024-01-27,P00368,Lyon,65
2024-11-10,P00368,Paris,117
2024-11-10,P00369,Marseille,275
2024-11-13,P00369,Paris,167
2024-11-11,P00370,Marseille,143
2024-09-06,P00371,Paris,86
2024-08-24,P00371,Marseille,4
2024-05-31,P00372,Paris,23
2024-09-07,P00372,Marseille,277
2024-07-06,P00373,Paris,213
2024-09-03,P00374,Paris,168
2024-08-01,P00374,Lyon,6
2024-03-04,P00375,Paris,192
2024-02-24,P00376,Paris,102
2024-01-22,P00376,Marseille,56
2024-02-24,P00377,Paris,15
2024-12-30,P00377,Lyon,0
2024-02-08,P00378,Paris,204
2024-04-03,P00378,Marseille,291
2024-03-03,P00379,Marseille,112
2024-11-24,P00379,Paris,203
2024-12-14,P00380,Lyon,85
2024-02-26,P00380,Paris,110
2024-04-11,P00381,Paris,154
2024-08-25,P00382,Paris,77
2024-10-20,P00382,Lyon,271
2024-09-22,P00383,Paris,47
2024-12-30,P00384,Lyon,207
2024-02-06,P00385,Lyon,65
2024-02-02,P00385,Paris,280
2024-09-26,P00386,Paris,56
2024-12-02,P00386,Lyon,138
2024-09-17,P00387,Paris,297
2024-06-13,P00388,Lyon,239
2024-08-09,P00388,Paris,26
2024-09-12,P00389,Lyon,92
2024-06-27,P00389,Paris,98
2024-06-09,P00390,Marseille,56
2024-07-02,P00390,Paris,126
2024-04-05,P00391,Lyon,159
2024-08-04,P00391,Paris,35
2024-01-27,P00392,Paris,44
2024-01-08,P00393,Lyon,149
2024-09-04,P00393,Marseille,99
2024-10-23,P00394,Lyon,153
2024-07-04,P00394,Paris,289
2024-01-06,P00395,Marseille,82
2024-09-16,P00395,Lyon,36
2024-03-16,P00396,Paris,123
2024-06-23,P00397,Paris,86
2024-06-08,P00398,Marseille,53
2024-01-09,P00398,Paris,21
2024-11-11,P00399,Paris,172
2024-09-08,P00400,Lyon,227
2024-12-26,P00400,Paris,237
2024-03-06,P00401,Lyon,119
2024-01-27,P00402,Lyon,169
2024-02-19,P00403,Paris,138
2024-01-27,P00404,Lyon,282
2024-01-08,P00404,Paris,98
2024-10-08,P00405,Lyon,114
2024-07-06,P00405,Marseille,259
2024-05-18,P00406,Lyon,203
2024-02-01,P00406,Marseille,257
2024-02-20,P00407,Lyon,6
2024-05-02,P00407,Paris,209
2024-03-11,P00408,Paris,265
2024-08-24,P00409,Marseille,252
2024-02-01,P00409,Paris,139
2024-03-06,P00410,Paris,159
2024-02-23,P00411,Lyon,161
2024-06-13,P00411,Paris,65
2024-11-27,P00412,Marseille,276
2024-03-02,P00412,Paris,212
2024-10-16,P00412,Lyon,191
2024-10-02,P00413,Paris,89
2024-04-02,P00413,Lyon,115
2024-06-23,P00414,Lyon,250
2024-07-04,P00414,Paris,47
2024-06-03,P00415,Marseille,193
2024-09-25,P00415,Paris,146
2024-03-18,P00416,Paris,169
2024-11-15,P00417,Paris,76
2024-09-01,P00417,Lyon,206
2024-11-18,P00418,Marseille,216
2024-11-18,P00419,Paris,185
2024-03-01,P00420,Lyon,193
2024-04-19,P00420,Paris,53
2024-05-24,P00421,Lyon,114
2024-07-07,P00421,Paris,7
2024-08-12,P00422,Paris,224
2024-08-22,P00423,Paris,286
2024-11-22,P00423,Lyon,112
2024-09-29,P00424,Marseille,84
2024-05-24,P00424,Paris,152
2024-09-04,P00425,Marseille,104
2024-10-17,P00425,Paris,189
2024-06-02,P00425,Lyon,271
2024-01-19,P00426,Paris,292
2024-10-21,P00427,Paris,255
2024-07-17,P00427,Lyon,5
2024-05-13,P00428,Marseille,92
2024-05-08,P00428,Lyon,231
2024-03-26,P00429,Paris,66
2024-05-20,P00429,Lyon,4
2024-07-01,P00430,Marseille,12
2024-04-16,P00430,Lyon,223
2024-12-09,P00431,Marseille,81
2024-01-25,P00431,Paris,57
2024-07-01,P00432,Marseille,220
2024-07-02,P00432,Lyon,160
2024-07-07,P00433,Paris,80
2024-06-17,P00433,Lyon,31
2024-10-04,P00434,Paris,118
2024-12-22,P00435,Paris,57
2024-10-30,P00435,Marseille,124
2024-10-09,P00436,Lyon,102
2024-10-30,P00436,Paris,79
2024-10-10,P00437,Lyon,251
2024-02-28,P00437,Paris,204
2024-08-25,P00438,Marseille,44
2024-07-23,P00438,Paris,135
2024-02-11,P00439,Paris,190
2024-06-15,P00439,Lyon,252
2024-09-18,P00440,Paris,299
2024-05-23,P00441,Marseille,93
2024-01-19,P00442,Paris,260
2024-01-10,P00443,Paris,11
2024-08-07,P00444,Marseille,286
2024-09-03,P00444,Paris,23
2024-09-25,P00445,Paris,184
2024-12-04,P00445,Marseille,281
2024-06-20,P00446,Paris,186
2024-04-04,P00447,Paris,235
2024-07-12,P00447,Marseille,114
2024-04-15,P00447,Lyon,299
2024-12-30,P00448,Paris,277
2024-07-13,P00449,Paris,33
2024-04-23,P00450,Paris,294
2024-09-13,P00450,Lyon,291
2024-12-24,P00451,Lyon,247
2024-10-10,P00451,Paris,257
2024-12-11,P00452,Lyon,86
2024-02-27,P00452,Paris,223
2024-11-08,P00453,Lyon,36
2024-05-19,P00453,Paris,107
2024-04-22,P00454,Marseille,109
2024-12-01,P00454,Paris,197
2024-09-30,P00455,Paris,281
2024-06-19,P00455,Lyon,195
2024-08-04,P00456,Lyon,67
2024-05-03,P00456,Marseille,63
2024-07-02,P00457,Lyon,108
2024-07-30,P00457,Paris,291
2024-11-23,P00457,Marseille,92
2024-06-14,P00458,Paris,152
2024-06-27,P00458,Marseille,128
2024-10-03,P00459,Paris,152
2024-12-22,P00459,Marseille,75
2024-10-18,P00460,Marseille,150
2024-11-30,P00460,Lyon,156
2024-03-16,P00460,Paris,226
2024-07-16,P00461,Paris,87
2024-05-16,P00462,Lyon,2
2024-03-26,P00462,Paris,255
2024-06-27,P00463,Marseille,248
2024-06-11,P00463,Paris,83
2024-11-30,P00464,Paris,104
2024-01-30,P00465,Paris,123
2024-11-21,P00466,Marseille,284
2024-05-03,P00467,Paris,254
2024-08-29,P00468,Paris,5
2024-05-06,P00468,Lyon,109
2024-03-06,P00469,Marseille,226
2024-07-10,P00469,Paris,80
2024-07-25,P00470,Paris,231
2024-11-11,P00471,Paris,289
2024-06-30,P00472,Paris,159
2024-10-19,P00472,Lyon,113
2024-05-21,P00473,Paris,81
2024-06-17,P00474,Paris,177
2024-04-02,P00474,Lyon,234
2024-03-14,P00475,Marseille,97
2024-04-02,P00475,Lyon,165
2024-02-29,P00475,Paris,35
2024-10-23,P00476,Paris,222
2024-12-13,P00477,Paris,236
2024-01-10,P00477,Marseille,32
2024-01-07,P00478,Lyon,292
2024-10-04,P00479,Marseille,236
2024-11-02,P00479,Paris,264
2024-03-26,P00479,Lyon,284
2024-09-17,P00480,Lyon,269
2024-05-31,P00480,Paris,296
2024-03-08,P00481,Lyon,18
2024-12-17,P00481,Paris,206
2024-04-22,P00481,Marseille,136
2024-09-22,P00482,Paris,279
2024-01-08,P00483,Paris,261
2024-06-11,P00484,Lyon,195
2024-10-13,P00484,Marseille,249
2024-12-27,P00485,Lyon,69
2024-06-17,P00486,Lyon,69
2024-02-01,P00487,Lyon,219
2024-04-14,P00487,Paris,11
2024-04-17,P00488,Lyon,126
2024-11-04,P00488,Paris,100
2024-07-13,P00488,Marseille,213
2024-12-25,P00489,Paris,272
2024-02-13,P00490,Paris,164
2024-12-18,P00491,Lyon,192
2024-04-09,P00491,Marseille,197
2024-01-28,P00492,Paris,268
2024-02-22,P00493,Marseille,6
2024-04-20,P00493,Paris,224
2024-06-06,P00494,Paris,194
2024-02-20,P00494,Marseille,93
2024-08-01,P00495,Marseille,219
2024-09-15,P00495,Paris,254
2024-07-01,P00496,Paris,161
2024-05-12,P00496,Lyon,203
2024-09-01,P00497,Marseille,247
2024-08-04,P00497,Lyon,298
2024-11-06,P00498,Marseille,180
2024-10-15,P00498,Lyon,287
2024-10-16,P00499,Paris,30
2024-10-15,P00500,Paris,131
2024-12-30,P00501,Paris,279
2024-09-08,P00502,Paris,199
2024-02-04,P00503,Marseille,98
2024-08-10,P00504,Marseille,105
2024-01-28,P00504,Lyon,94
2024-05-29,P00505,Paris,1
2024-03-27,P00505,Lyon,121
2024-11-15,P00506,Paris,20
2024-12-16,P00506,Marseille,125
2024-04-03,P00507,Marseille,288
2024-10-31,P00507,Paris,22
2024-04-02,P00508,Paris,107
2024-04-22,P00508,Lyon,259
2024-12-11,P00509,Lyon,54
2024-01-29,P00510,Lyon,51
2024-06-22,P00510,Paris,90
2024-05-31,P00511,Paris,119
2024-10-14,P00512,Marseille,131
2024-01-07,P00512,Paris,72
2024-08-13,P00513,Paris,18
2024-08-26,P00513,Lyon,298
2024-10-03,P00514,Paris,64
2024-05-10,P00514,Marseille,166
2024-03-12,P00514,Lyon,100
2024-12-15,P00515,Paris,81
2024-01-05,P00516,Lyon,180
2024-03-08,P00516,Paris,82
2024-01-22,P00517,Marseille,221
2024-08-27,P00517,Lyon,140
2024-07-21,P00518,Marseille,146
2024-02-03,P00519,Paris,8
2024-04-05,P00520,Paris,130
2024-09-24,P00520,Lyon,133
2024-11-27,P00521,Paris,168
2024-04-18,P00521,Marseille,2
2024-05-08,P00522,Paris,87
2024-06-28,P00523,Paris,145
2024-02-01,P00524,Lyon,54
2024-07-18,P00524,Paris,71
2024-03-14,P00525,Lyon,55
2024-02-02,P00525,Paris,279
2024-07-28,P00526,Lyon,212
2024-01-29,P00527,Paris,242
2024-08-22,P00527,Lyon,91
2024-02-20,P00528,Paris,263
2024-06-11,P00529,Paris,297
2024-08-14,P00530,Marseille,80
2024-10-08,P00530,Paris,115
2024-09-23,P00531,Paris,260
2024-06-29,P00532,Paris,262
2024-11-07,P00533,Paris,217
2024-03-16,P00533,Lyon,48
2024-05-21,P00534,Marseille,240
2024-02-12,P00534,Lyon,77
2024-11-28,P00535,Paris,20
2024-01-02,P00535,Lyon,139
2024-07-22,P00536,Paris,45
2024-10-23,P00537,Paris,277
2024-05-19,P00537,Lyon,198
2024-03-17,P00538,Lyon,183
2024-05-28,P00539,Paris,168
2024-05-15,P00540,Marseille,88
2024-04-15,P00541,Marseille,27
2024-05-16,P00541,Paris,254
2024-06-27,P00542,Lyon,54
2024-03-24,P00542,Paris,145
2024-09-09,P00543,Paris,235
2024-10-19,P00544,Marseille,153
2024-02-23,P00545,Marseille,137
2024-12-10,P00545,Lyon,164
2024-09-15,P00546,Lyon,284
2024-02-25,P00547,Paris,198
2024-09-23,P00548,Paris,298
2024-10-23,P00548,Lyon,284
2024-01-08,P00549,Paris,18
2024-06-21,P00550,Marseille,105
2024-02-27,P00550,Lyon,103
2024-05-14,P00551,Paris,31
2024-02-09,P00551,Lyon,276
2024-01-10,P00552,Paris,95
2024-02-23,P00552,Marseille,174
2024-05-28,P00553,Marseille,108
2024-07-03,P00553,Paris,30
2024-10-05,P00554,Marseille,72
2024-02-22,P00554,Paris,104
2024-05-06,P00555,Paris,17
2024-10-09,P00555,Lyon,299
2024-10-14,P00556,Paris,67
2024-12-15,P00557,Paris,222
2024-08-13,P00557,Marseille,106
2024-04-01,P00558,Marseille,10
2024-11-15,P00558,Paris,80
2024-07-08,P00559,Paris,30
2024-11-04,P00560,Lyon,159
2024-01-22,P00560,Paris,261
2024-03-05,P00561,Paris,11
2024-04-06,P00561,Lyon,280
2024-05-29,P00562,Paris,119
2024-12-24,P00562,Lyon,169
2024-06-27,P00563,Paris,203
2024-11-22,P00564,Paris,240
2024-12-23,P00565,Marseille,38
2024-02-11,P00565,Lyon,108
2024-08-29,P00566,Lyon,162
2024-02-05,P00567,Paris,0
2024-06-21,P00567,Lyon,137
2024-12-14,P00568,Lyon,239
2024-10-15,P00568,Paris,209
2024-07-17,P00569,Paris,83
2024-08-28,P00569,Lyon,7
2024-06-02,P00570,Lyon,208
2024-12-29,P00570,Paris,49
2024-11-06,P00571,Paris,219
2024-01-04,P00571,Lyon,145
2024-10-20,P00572,Lyon,267
2024-08-11,P00573,Paris,225
2024-10-13,P00573,Lyon,266
2024-01-09,P00573,Marseille,295
2024-05-31,P00574,Lyon,197
2024-05-08,P00574,Marseille,173
2024-06-07,P00575,Marseille,200
2024-05-26,P00575,Lyon,2
2024-09-24,P00576,Lyon,82
2024-08-09,P00577,Paris,256
2024-08-21,P00577,Lyon,80
2024-06-07,P00578,Lyon,262
2024-11-07,P00578,Paris,16
2024-09-19,P00579,Paris,131
2024-02-22,P00579,Lyon,151
2024-04-22,P00580,Paris,8
2024-08-25,P00580,Marseille,57
2024-09-27,P00581,Paris,204
2024-04-19,P00581,Lyon,248
2024-08-30,P00582,Paris,153
2024-12-21,P00582,Lyon,295
2024-03-14,P00583,Marseille,63
2024-08-31,P00583,Paris,23
2024-11-14,P00584,Lyon,288
2024-02-08,P00584,Paris,171
2024-08-17,P00585,Lyon,296
2024-12-26,P00586,Paris,29
2024-01-18,P00587,Marseille,286
2024-06-08,P00587,Paris,268
2024-06-30,P00587,Lyon,251
2024-03-19,P00588,Lyon,214
2024-01-21,P00588,Paris,46
2024-08-11,P00589,Paris,172
2024-03-18,P00589,Marseille,107
2024-10-01,P00589,Lyon,9
2024-03-20,P00590,Paris,150
2024-08-30,P00590,Lyon,235
2024-09-11,P00591,Lyon,205
2024-05-03,P00591,Marseille,44
2024-12-03,P00591,Paris,120
2024-07-20,P00592,Paris,256
2024-03-23,P00592,Lyon,165
2024-10-21,P00593,Paris,286
2024-01-24,P00594,Marseille,195
2024-02-13,P00594,Lyon,195
2024-06-22,P00595,Lyon,46
2024-04-03,P00595,Paris,31
2024-04-28,P00596,Lyon,165
2024-02-15,P00596,Paris,193
2024-01-15,P00597,Paris,280
2024-01-29,P00598,Marseille,152
2024-04-29,P00598,Paris,198
2024-09-02,P00599,Lyon,278
2024-11-08,P00599,Paris,77
2024-01-11,P00600,Paris,63
2024-05-22,P00600,Lyon,252
2024-04-14,P00601,Paris,276
2024-12-31,P00602,Lyon,238
2024-02-13,P00602,Paris,118
2024-04-25,P00603,Paris,249
2024-03-20,P00603,Lyon,196
2024-05-14,P00604,Lyon,93
2024-02-26,P00604,Paris,195
2024-01-11,P00605,Paris,199
2024-12-15,P00605,Marseille,84
2024-10-19,P00606,Marseille,202
2024-02-03,P00606,Paris,130
2024-12-05,P00607,Paris,4
2024-08-14,P00607,Lyon,272
2024-06-05,P00608,Paris,15
2024-07-20,P00608,Lyon,229
2024-04-24,P00609,Marseille,30
2024-07-27,P00610,Paris,243
2024-02-23,P00611,Paris,251
2024-09-18,P00611,Lyon,10
2024-04-21,P00612,Lyon,15
2024-02-04,P00612,Marseille,66
2024-01-01,P00612,Paris,141
2024-04-03,P00613,Paris,225
2024-10-03,P00614,Paris,85
2024-04-26,P00614,Marseille,77
2024-10-24,P00614,Lyon,171
2024-07-26,P00615,Paris,39
2024-08-07,P00615,Marseille,71
2024-10-15,P00616,Lyon,214
2024-05-28,P00617,Paris,272
2024-02-18,P00617,Lyon,203
2024-08-20,P00618,Lyon,35
2024-09-21,P00618,Paris,179
2024-11-27,P00619,Marseille,204
2024-03-23,P00619,Lyon,111
2024-02-13,P00620,Paris,129
2024-10-23,P00621,Paris,290
2024-04-12,P00621,Lyon,87
2024-05-14,P00622,Lyon,179
2024-01-22,P00622,Marseille,125
2024-11-12,P00623,Paris,251
2024-11-11,P00624,Paris,267
2024-02-21,P00624,Lyon,163
2024-01-03,P00625,Paris,268
2024-09-06,P00625,Lyon,189
2024-10-04,P00626,Paris,97
2024-07-20,P00627,Paris,289
2024-08-03,P00628,Paris,143
2024-04-03,P00629,Paris,98
2024-04-26,P00629,Marseille,146
2024-03-12,P00630,Lyon,285
2024-05-15,P00630,Paris,248
2024-12-16,P00631,Lyon,273
2024-02-12,P00632,Lyon,247
2024-03-14,P00632,Paris,258
2024-07-28,P00633,Paris,157
2024-01-14,P00633,Lyon,20
2024-08-27,P00634,Paris,169
2024-08-04,P00634,Lyon,79
2024-03-19,P00635,Paris,37
2024-06-19,P00636,Paris,214
2024-06-12,P00637,Paris,273
2024-03-09,P00638,Marseille,39
2024-01-21,P00638,Lyon,215
2024-12-02,P00639,Paris,5
2024-02-16,P00639,Lyon,134
2024-05-14,P00640,Lyon,187
2024-11-16,P00640,Paris,73
2024-04-19,P00641,Marseille,191
2024-07-13,P00641,Paris,140
2024-03-08,P00642,Lyon,4
2024-02-03,P00642,Marseille,114
2024-11-01,P00643,Paris,270
2024-10-13,P00644,Paris,26
2024-11-11,P00644,Lyon,111
2024-12-27,P00645,Lyon,156
2024-07-12,P00645,Marseille,42
2024-01-04,P00646,Lyon,244
2024-07-13,P00646,Paris,203
2024-01-14,P00647,Paris,119
2024-05-27,P00647,Lyon,32
2024-05-21,P00648,Lyon,134
2024-11-21,P00649,Marseille,162
2024-11-29,P00649,Lyon,128
2024-05-09,P00650,Paris,134
2024-11-23,P00650,Lyon,29
2024-05-07,P00651,Marseille,59
2024-04-12,P00651,Paris,18
2024-07-21,P00652,Paris,152
2024-09-03,P00653,Paris,101
2024-05-18,P00654,Lyon,42
2024-02-11,P00654,Marseille,250
2024-07-29,P00655,Lyon,261
2024-07-16,P00655,Paris,16
2024-04-18,P00656,Marseille,294
2024-03-07,P00657,Paris,59
2024-07-11,P00657,Lyon,228
2024-12-18,P00658,Paris,79
2024-11-25,P00659,Lyon,61
2024-12-27,P00660,Paris,288
2024-10-18,P00660,Marseille,172
2024-01-29,P00661,Lyon,215
2024-01-05,P00661,Paris,285
2024-03-07,P00662,Paris,177
2024-09-07,P00663,Marseille,280
2024-06-26,P00663,Paris,160
2024-08-30,P00664,Marseille,181
2024-06-12,P00665,Paris,293
2024-02-06,P00665,Lyon,174
2024-05-10,P00666,Paris,84
2024-10-28,P00666,Lyon,129
2024-03-19,P00667,Paris,91
2024-12-14,P00668,Lyon,74
2024-11-02,P00668,Paris,207
2024-05-22,P00669,Paris,105
2024-10-21,P00670,Lyon,272
2024-10-25,P00670,Paris,147
2024-01-28,P00671,Marseille,273
2024-11-26,P00671,Lyon,20
2024-07-12,P00672,Lyon,271
2024-03-15,P00672,Paris,299
2024-08-04,P00673,Paris,98
2024-09-05,P00674,Marseille,93
2024-11-19,P00674,Paris,283
2024-09-02,P00675,Marseille,140
2024-10-12,P00675,Paris,134
2024-08-15,P00676,Paris,60
2024-05-30,P00676,Lyon,0
2024-10-10,P00677,Lyon,107
2024-11-05,P00678,Lyon,0
2024-12-26,P00678,Paris,256
2024-04-16,P00679,Paris,78
2024-05-03,P00679,Lyon,202
2024-11-25,P00680,Paris,264
2024-03-19,P00680,Lyon,262
2024-12-16,P00681,Marseille,12
2024-10-09,P00681,Paris,18
2024-11-03,P00682,Lyon,160
2024-06-17,P00682,Marseille,141
2024-10-12,P00683,Lyon,145
2024-12-08,P00684,Lyon,163
2024-09-28,P00684,Marseille,169
2024-08-29,P00685,Paris,71
2024-01-03,P00685,Lyon,25
2024-01-16,P00686,Lyon,140
2024-10-10,P00687,Paris,213
2024-05-31,P00688,Marseille,67
2024-01-02,P00689,Paris,5
2024-01-31,P00690,Lyon,264
2024-07-17,P00691,Paris,12
2024-02-16,P00692,Marseille,54
2024-02-28,P00692,Paris,273
2024-05-31,P00692,Lyon,209
2024-03-07,P00693,Marseille,267
2024-04-06,P00693,Lyon,248
2024-03-04,P00694,Lyon,243
2024-10-23,P00694,Paris,276
2024-09-06,P00695,Paris,125
2024-12-01,P00696,Marseille,212
2024-04-19,P00696,Paris,161
2024-04-29,P00697,Lyon,50
2024-12-08,P00697,Paris,278
2024-11-22,P00698,Paris,0
2024-02-05,P00699,Paris,196
2024-11-14,P00699,Lyon,143
2024-04-13,P00700,Lyon,276
2024-02-01,P00700,Paris,90
2024-10-15,P00701,Paris,259
2024-05-30,P00702,Paris,163
2024-10-18,P00702,Lyon,164
2024-09-05,P00703,Lyon,191
2024-04-15,P00703,Paris,7
2024-12-05,P00704,Marseille,104
2024-11-30,P00704,Paris,156
2024-06-29,P00705,Lyon,25
2024-06-18,P00705,Paris,141
2024-11-11,P00706,Lyon,130
2024-07-16,P00706,Paris,95
2024-01-17,P00707,Marseille,275
2024-09-15,P00707,Paris,178
2024-07-01,P00708,Lyon,202
2024-02-27,P00708,Paris,223
2024-05-08,P00709,Lyon,224
2024-10-10,P00709,Paris,105
2024-10-06,P00710,Paris,202
2024-07-21,P00711,Paris,280
2024-12-13,P00711,Marseille,163
2024-07-08,P00712,Lyon,87
2024-09-11,P00712,Paris,283
2024-12-29,P00713,Paris,142
2024-09-29,P00714,Paris,239
2024-05-06,P00714,Lyon,70
2024-11-12,P00715,Paris,78
2024-10-10,P00716,Paris,158
2024-05-07,P00717,Paris,20
2024-10-20,P00717,Marseille,276
2024-02-09,P00718,Lyon,185
2024-09-29,P00718,Paris,241
2024-09-17,P00719,Marseille,106
2024-05-11,P00719,Lyon,272
2024-02-21,P00720,Paris,25
2024-04-15,P00720,Marseille,200
2024-04-19,P00721,Paris,104
2024-04-14,P00722,Lyon,281
2024-05-10,P00722,Paris,246
2024-04-02,P00723,Paris,66
2024-09-21,P00723,Lyon,285
2024-07-30,P00724,Marseille,250
2024-09-25,P00724,Paris,161
2024-10-01,P00725,Lyon,37
2024-08-04,P00725,Paris,14
2024-10-27,P00726,Lyon,141
2024-02-26,P00726,Paris,124
2024-04-10,P00727,Paris,52
2024-07-20,P00728,Paris,233
2024-03-03,P00729,Lyon,181
2024-05-06,P00729,Paris,10
2024-08-03,P00730,Paris,151
2024-10-26,P00730,Lyon,183
2024-11-02,P00731,Lyon,247
2024-11-23,P00731,Paris,59
2024-07-23,P00732,Paris,5
2024-02-18,P00732,Marseille,43
2024-05-05,P00733,Paris,213
2024-01-29,P00734,Lyon,188
2024-03-08,P00734,Paris,129
2024-04-26,P00735,Paris,131
2024-02-08,P00736,Paris,50
2024-01-17,P00736,Marseille,95
2024-02-28,P00737,Paris,267
2024-04-22,P00737,Lyon,252
2024-01-09,P00738,Lyon,250
2024-12-10,P00738,Paris,159
2024-12-09,P00739,Paris,4
2024-08-14,P00739,Lyon,203
2024-11-26,P00740,Lyon,255
2024-12-25,P00740,Paris,90
2024-12-11,P00741,Lyon,183
2024-08-20,P00741,Paris,70
2024-07-13,P00742,Paris,285
2024-06-26,P00742,Lyon,186
2024-09-23,P00743,Lyon,125
2024-02-05,P00743,Paris,195
2024-06-01,P00744,Paris,239
2024-07-06,P00744,Lyon,22
2024-09-23,P00745,Paris,232
2024-07-16,P00746,Marseille,124
2024-08-13,P00747,Paris,45
2024-09-15,P00747,Lyon,286
2024-09-03,P00748,Paris,245
2024-05-03,P00749,Marseille,123
2024-08-14,P00749,Paris,187
2024-06-03,P00749,Lyon,281
2024-01-18,P00750,Marseille,122
2024-05-04,P00750,Paris,10
2024-10-08,P00751,Paris,120
2024-04-20,P00751,Marseille,45
2024-04-01,P00752,Lyon,102
2024-07-28,P00753,Lyon,242
2024-07-27,P00754,Lyon,45
2024-08-05,P00755,Marseille,51
2024-11-17,P00756,Marseille,79
2024-12-14,P00757,Paris,250
2024-11-02,P00758,Paris,0
2024-08-21,P00758,Lyon,83
2024-08-31,P00759,Lyon,116
2024-10-23,P00759,Paris,225
2024-05-15,P00759,Marseille,115
2024-10-14,P00760,Paris,111
2024-10-06,P00760,Lyon,123
2024-11-12,P00761,Paris,126
2024-04-23,P00762,Lyon,22
2024-10-27,P00762,Marseille,168
2024-01-30,P00763,Lyon,32
2024-09-30,P00763,Paris,258
2024-05-15,P00764,Marseille,2
2024-05-01,P00764,Paris,47
2024-06-28,P00765,Paris,164
2024-09-18,P00766,Marseille,269
2024-05-15,P00767,Paris,85
2024-07-04,P00768,Paris,5
2024-09-09,P00768,Lyon,102
2024-02-10,P00769,Lyon,201
2024-09-16,P00769,Paris,294
2024-03-03,P00770,Lyon,68
2024-02-04,P00771,Lyon,23
2024-11-13,P00771,Paris,210
2024-12-08,P00772,Paris,184
2024-04-10,P00773,Lyon,103
2024-04-22,P00773,Paris,34
2024-10-02,P00774,Paris,5
2024-02-26,P00774,Lyon,100
2024-03-24,P00774,Marseille,133
2024-07-23,P00775,Paris,114
2024-01-08,P00775,Marseille,202
2024-11-17,P00776,Lyon,35
2024-06-20,P00776,Paris,220
2024-10-25,P00777,Paris,58
2024-11-22,P00777,Lyon,80
2024-02-25,P00778,Lyon,142
2024-05-25,P00779,Lyon,56
2024-09-21,P00779,Paris,152
2024-06-30,P00780,Paris,79
2024-04-05,P00780,Marseille,163
2024-11-26,P00781,Lyon,292
2024-09-20,P00781,Paris,226
2024-04-01,P00782,Marseille,287
2024-06-19,P00782,Lyon,260
2024-09-20,P00783,Paris,46
2024-01-19,P00784,Paris,129
2024-06-02,P00784,Lyon,37
2024-09-06,P00785,Paris,122
2024-08-18,P00785,Lyon,115
2024-02-27,P00786,Paris,206
2024-07-16,P00786,Lyon,57
2024-07-14,P00787,Paris,244
2024-10-09,P00788,Paris,263
2024-09-18,P00788,Lyon,231
2024-06-15,P00789,Lyon,66
2024-12-02,P00789,Paris,269
2024-09-09,P00790,Lyon,62
2024-08-18,P00790,Paris,65
2024-08-25,P00791,Lyon,187
2024-05-14,P00791,Paris,291
2024-02-22,P00792,Paris,276
2024-10-04,P00792,Lyon,156
2024-12-14,P00793,Marseille,194
2024-02-25,P00793,Paris,295
2024-12-02,P00794,Lyon,193
2024-09-13,P00795,Marseille,176
2024-09-29,P00795,Paris,125
2024-03-15,P00795,Lyon,162
2024-06-19,P00796,Lyon,104
2024-06-06,P00796,Paris,233
2024-07-17,P00797,Marseille,1
2024-10-31,P00798,Lyon,279
2024-02-16,P00798,Marseille,56
2024-08-17,P00799,Paris,239
2024-09-03,P00800,Paris,156
2024-03-13,P00800,Lyon,9
2024-11-07,P00801,Marseille,228
2024-09-03,P00801,Paris,290
2024-12-03,P00802,Paris,184
2024-02-06,P00803,Lyon,242
2024-05-08,P00804,Paris,178
2024-06-29,P00804,Lyon,24
2024-12-22,P00804,Marseille,159
2024-07-27,P00805,Paris,52
2024-01-10,P00805,Marseille,280
2024-03-02,P00806,Lyon,29
2024-10-15,P00806,Paris,203
2024-02-28,P00807,Lyon,211
2024-10-15,P00807,Marseille,262
2024-10-28,P00808,Paris,110
2024-04-16,P00808,Marseille,248
2024-05-01,P00809,Lyon,108
2024-07-30,P00810,Marseille,26
2024-12-15,P00810,Lyon,236
2024-11-02,P00810,Paris,54
2024-12-26,P00811,Marseille,290
2024-05-02,P00811,Paris,33
2024-09-21,P00812,Paris,2
2024-06-30,P00813,Lyon,238
2024-06-08,P00813,Paris,148
2024-10-26,P00814,Marseille,145
2024-03-22,P00814,Paris,187
2024-06-05,P00815,Paris,255
2024-09-29,P00815,Lyon,31
2024-03-02,P00816,Paris,147
2024-05-30,P00816,Marseille,3
2024-01-12,P00817,Paris,280
2024-09-13,P00817,Lyon,163
2024-09-24,P00818,Paris,240
2024-03-17,P00819,Marseille,5
2024-10-01,P00819,Lyon,134
2024-05-22,P00820,Paris,223
2024-11-15,P00820,Lyon,207
2024-10-13,P00821,Paris,198
2024-04-24,P00821,Marseille,173
2024-04-08,P00822,Marseille,273
2024-10-06,P00823,Paris,101
2024-05-08,P00824,Marseille,41
2024-11-27,P00824,Paris,172
2024-12-30,P00824,Lyon,58
2024-12-24,P00825,Paris,208
2024-07-30,P00826,Paris,8
2024-01-08,P00826,Marseille,189
2024-09-03,P00827,Lyon,169
2024-08-02,P00827,Paris,288
2024-09-22,P00828,Paris,206
2024-10-02,P00828,Lyon,167
2024-02-27,P00829,Lyon,69
2024-08-11,P00830,Paris,208
2024-03-03,P00831,Lyon,17
2024-06-16,P00832,Paris,124
2024-08-30,P00832,Lyon,36
2024-06-12,P00833,Lyon,111
2024-10-05,P00833,Marseille,128
2024-09-19,P00834,Marseille,50
2024-12-07,P00834,Paris,166
2024-09-15,P00835,Paris,45
2024-09-30,P00836,Paris,99
2024-02-24,P00836,Marseille,147
2024-08-22,P00837,Paris,168
2024-01-21,P00837,Marseille,103
2024-07-11,P00838,Lyon,159
2024-10-12,P00838,Marseille,46
2024-12-07,P00838,Paris,200
2024-06-13,P00839,Marseille,5
2024-02-10,P00839,Paris,71
2024-08-19,P00840,Paris,53
2024-08-15,P00840,Marseille,231
2024-03-30,P00841,Paris,238
2024-11-30,P00841,Lyon,95
2024-03-16,P00842,Marseille,174
2024-10-26,P00842,Paris,107
2024-10-15,P00843,Paris,90
2024-08-16,P00843,Lyon,198
2024-05-25,P00844,Marseille,280
2024-09-06,P00844,Paris,96
2024-11-03,P00845,Paris,189
2024-02-21,P00845,Marseille,21
2024-04-12,P00846,Lyon,177
2024-07-18,P00847,Paris,109
2024-10-24,P00848,Paris,284
2024-02-27,P00848,Lyon,69
2024-08-30,P00849,Marseille,54
2024-07-05,P00849,Paris,36
2024-10-04,P00850,Marseille,37
2024-06-02,P00850,Paris,30
2024-04-30,P00851,Lyon,134
2024-11-02,P00851,Paris,99
2024-07-15,P00852,Lyon,194
2024-07-14,P00852,Paris,260
2024-01-05,P00853,Paris,165
2024-02-07,P00853,Lyon,32
2024-09-25,P00854,Paris,191
2024-03-12,P00855,Marseille,165
2024-05-05,P00855,Paris,159
2024-05-14,P00856,Lyon,265
2024-08-21,P00856,Marseille,226
2024-04-29,P00857,Lyon,154
2024-11-28,P00857,Paris,296
2024-09-08,P00858,Paris,196
2024-01-23,P00858,Marseille,290
2024-09-06,P00859,Marseille,128
2024-08-05,P00859,Lyon,57
2024-02-13,P00860,Marseille,148
2024-11-05,P00860,Paris,285
2024-07-28,P00861,Paris,38
2024-09-15,P00861,Lyon,23
2024-10-31,P00862,Lyon,49
2024-06-09,P00863,Marseille,199
2024-05-17,P00864,Marseille,232
2024-08-30,P00864,Paris,165
2024-10-07,P00865,Marseille,280
2024-11-21,P00865,Lyon,127
2024-05-13,P00866,Paris,30
2024-07-01,P00866,Lyon,19
2024-02-23,P00867,Lyon,129
2024-03-31,P00867,Paris,226
2024-07-03,P00868,Marseille,14
2024-01-05,P00868,Paris,89
2024-10-21,P00869,Paris,92
2024-09-06,P00870,Paris,29
2024-03-14,P00870,Lyon,115
2024-11-05,P00871,Paris,174
2024-08-05,P00871,Marseille,71
2024-10-05,P00872,Paris,98
2024-08-08,P00873,Paris,283
2024-10-19,P00874,Lyon,251
2024-10-08,P00875,Lyon,124
2024-04-19,P00875,Paris,118
2024-07-14,P00876,Paris,292
2024-05-30,P00877,Paris,176
2024-11-23,P00878,Paris,48
2024-05-18,P00878,Lyon,293
2024-06-14,P00879,Lyon,31
2024-11-30,P00879,Paris,246
2024-01-29,P00880,Lyon,38
2024-10-08,P00880,Paris,215
2024-07-05,P00881,Paris,102
2024-07-08,P00881,Lyon,16
2024-11-10,P00882,Paris,50
2024-09-10,P00883,Marseille,119
2024-11-27,P00883,Lyon,34
2024-03-14,P00884,Marseille,219
2024-12-27,P00884,Lyon,283
2024-02-14,P00884,Paris,273
2024-07-18,P00885,Lyon,251
2024-05-19,P00886,Lyon,76
2024-03-28,P00886,Paris,153
2024-08-29,P00887,Lyon,235
2024-02-23,P00888,Marseille,67
2024-02-21,P00888,Paris,72
2024-02-04,P00889,Lyon,53
2024-09-16,P00889,Paris,193
2024-10-27,P00890,Lyon,43
2024-05-23,P00890,Marseille,273
2024-09-10,P00891,Paris,115
2024-09-06,P00892,Paris,169
2024-03-20,P00892,Lyon,227
2024-03-26,P00893,Lyon,50
2024-09-05,P00893,Paris,137
2024-02-28,P00894,Lyon,147
2024-06-22,P00895,Lyon,63
2024-11-08,P00895,Paris,115
2024-03-29,P00896,Paris,228
2024-10-23,P00896,Lyon,249
2024-04-17,P00897,Marseille,265
2024-10-19,P00897,Lyon,26
2024-05-22,P00898,Lyon,149
2024-04-12,P00899,Paris,267
2024-08-07,P00900,Paris,253
2024-08-21,P00900,Lyon,157
2024-07-13,P00901,Paris,45
2024-11-28,P00902,Lyon,167
2024-06-25,P00902,Marseille,136
2024-10-10,P00903,Marseille,36
2024-08-10,P00903,Paris,221
2024-09-29,P00904,Paris,211
2024-12-12,P00905,Paris,27
2024-10-21,P00905,Marseille,56
2024-03-13,P00906,Paris,11
2024-09-30,P00906,Marseille,42
2024-08-18,P00906,Lyon,296
2024-10-31,P00907,Paris,181
2024-10-21,P00907,Lyon,175
2024-10-14,P00908,Paris,96
2024-04-20,P00909,Lyon,56
2024-01-07,P00910,Paris,5
2024-10-10,P00911,Paris,16
2024-09-13,P00911,Marseille,85
2024-06-09,P00912,Paris,47
2024-08-18,P00912,Lyon,49
2024-01-03,P00913,Paris,168
2024-05-31,P00914,Paris,245
2024-02-06,P00914,Lyon,292
2024-11-01,P00915,Paris,261
2024-01-24,P00916,Lyon,67
2024-08-13,P00916,Paris,159
2024-12-25,P00917,Lyon,236
2024-05-12,P00917,Paris,100
2024-01-08,P00918,Lyon,208
2024-12-10,P00918,Paris,279
2024-10-22,P00919,Paris,198
2024-02-17,P00920,Lyon,142
2024-06-02,P00920,Paris,224
2024-07-29,P00921,Marseille,11
2024-03-11,P00921,Paris,72
2024-07-29,P00922,Lyon,85
2024-11-02,P00922,Paris,65
2024-04-20,P00923,Marseille,161
2024-10-25,P00923,Lyon,294
2024-01-21,P00924,Lyon,252
2024-07-14,P00924,Paris,10
2024-06-22,P00925,Marseille,189
2024-05-17,P00926,Marseille,233
2024-10-06,P00926,Paris,167
2024-07-26,P00927,Lyon,75
2024-07-25,P00927,Marseille,41
2024-09-10,P00928,Marseille,193
2024-03-17,P00929,Paris,220
2024-08-02,P00930,Lyon,72
2024-08-12,P00930,Paris,119
2024-09-18,P00931,Paris,206
2024-11-20,P00932,Lyon,44
2024-12-01,P00932,Paris,267
2024-02-12,P00933,Lyon,178
2024-03-11,P00933,Paris,3
2024-01-10,P00934,Paris,88
2024-06-21,P00934,Marseille,118
2024-05-31,P00935,Lyon,146
2024-08-18,P00935,Paris,263
2024-10-02,P00936,Paris,8
2024-03-06,P00937,Marseille,202
2024-11-20,P00937,Paris,21
2024-03-14,P00938,Paris,23
2024-12-03,P00939,Paris,173
2024-09-22,P00940,Paris,145
2024-08-06,P00941,Lyon,105
2024-05-20,P00941,Paris,224
2024-12-19,P00942,Paris,240
2024-01-03,P00943,Paris,222
2024-12-29,P00943,Marseille,64
2024-06-24,P00944,Paris,244
2024-07-13,P00944,Lyon,81
2024-08-25,P00945,Marseille,29
2024-10-29,P00945,Lyon,30
2024-02-02,P00946,Paris,263
2024-12-18,P00947,Paris,18
2024-12-16,P00947,Lyon,32
2024-05-03,P00948,Paris,139
2024-10-20,P00948,Lyon,40
2024-06-27,P00949,Paris,94
2024-06-19,P00949,Marseille,293
2024-09-11,P00950,Paris,73
2024-06-17,P00950,Lyon,207
2024-10-30,P00951,Paris,11
2024-12-04,P00952,Paris,252
2024-06-01,P00953,Paris,145
2024-09-04,P00954,Lyon,237
2024-05-10,P00954,Paris,5
2024-05-29,P00955,Lyon,8
2024-11-19,P00956,Paris,133
2024-08-15,P00957,Paris,202
2024-01-17,P00958,Marseille,264
2024-01-28,P00958,Paris,260
2024-11-18,P00959,Paris,46
2024-08-07,P00960,Marseille,31
2024-02-07,P00960,Paris,75
2024-08-29,P00961,Paris,50
2024-06-04,P00962,Lyon,125
2024-07-16,P00962,Paris,299
2024-08-13,P00963,Paris,112
2024-06-03,P00964,Paris,197
2024-01-01,P00964,Lyon,128
2024-02-17,P00965,Paris,54
2024-08-31,P00965,Lyon,254
2024-05-13,P00966,Marseille,20
2024-05-07,P00967,Paris,201
2024-02-13,P00968,Paris,182
2024-11-20,P00968,Lyon,10
2024-12-28,P00969,Lyon,244
2024-11-06,P00969,Paris,133
2024-12-31,P00970,Lyon,198
2024-08-11,P00970,Paris,272
2024-07-08,P00971,Paris,70
2024-06-05,P00972,Lyon,74
2024-12-15,P00972,Paris,229
2024-05-28,P00973,Paris,87
2024-11-05,P00974,Lyon,186
2024-09-06,P00974,Paris,186
2024-12-13,P00975,Lyon,218
2024-12-22,P00975,Paris,36
2024-05-18,P00976,Paris,176
2024-01-06,P00976,Marseille,134
2024-06-21,P00977,Paris,3
2024-11-13,P00977,Marseille,45
2024-03-24,P00978,Paris,3
2024-02-29,P00978,Marseille,168
2024-11-22,P00979,Paris,109
2024-08-06,P00979,Marseille,271
2024-01-31,P00979,Lyon,168
2024-01-13,P00980,Lyon,297
2024-05-20,P00980,Paris,158
2024-01-12,P00981,Lyon,279
2024-08-14,P00981,Paris,211
2024-08-06,P00982,Marseille,25
2024-01-24,P00982,Paris,4
2024-03-26,P00983,Paris,246
2024-03-17,P00983,Lyon,168
2024-01-04,P00984,Lyon,147
2024-07-22,P00984,Paris,268
2024-09-04,P00985,Paris,218
2024-03-27,P00986,Paris,243
2024-11-09,P00986,Lyon,78
2024-12-09,P00987,Lyon,254
2024-02-28,P00988,Lyon,173
2024-08-14,P00988,Paris,61
2024-12-26,P00989,Lyon,179
2024-08-05,P00990,Lyon,86
2024-06-16,P00990,Paris,45
2024-09-22,P00991,Lyon,218
2024-01-29,P00991,Paris,5
2024-09-14,P00992,Marseille,141
2024-07-17,P00993,Paris,219
2024-12-08,P00993,Marseille,70
2024-11-23,P00994,Lyon,6
2024-11-16,P00994,Marseille,172
2024-07-31,P00995,Paris,57
2024-08-29,P00995,Marseille,214
2024-04-02,P00996,Paris,242
2024-12-11,P00996,Lyon,24
2024-09-11,P00996,Marseille,177
2024-05-03,P00997,Lyon,238
2024-10-25,P00997,Marseille,221
2024-07-12,P00998,Lyon,33
2024-05-10,P00998,Paris,250
2024-12-10,P00999,Marseille,264
2024-10-19,P00999,Paris,88
2024-07-05,P01000,Paris,127
2024-05-30,P01000,Lyon,133
